{
  "accuracy_train": 0.8306784816358106,
  "accuracy_test": 0.8071310524280038,
  "f1_train": 0.8388245871318228,
  "f1_test": 0.816664311584306,
  "precision_train": 0.8579415745766734,
  "precision_test": 0.837403961329014,
  "recall_train": 0.8306784816358106,
  "recall_test": 0.8071310524280038,
  "roc_auc_train": 0.9061677794614236,
  "roc_auc_test": 0.8721500376800466
}